{
    "name": "root",
    "gauges": {
        "MoveToGoal.Policy.Entropy.mean": {
            "value": 1.3979853391647339,
            "min": 1.369004249572754,
            "max": 1.4431222677230835,
            "count": 50
        },
        "MoveToGoal.Policy.Entropy.sum": {
            "value": 13957.4853515625,
            "min": 13566.259765625,
            "max": 14431.5458984375,
            "count": 50
        },
        "MoveToGoal.Environment.EpisodeLength.mean": {
            "value": 13.145685997171146,
            "min": 6.120284697508897,
            "max": 35.335740072202164,
            "count": 50
        },
        "MoveToGoal.Environment.EpisodeLength.sum": {
            "value": 9294.0,
            "min": 8599.0,
            "max": 9842.0,
            "count": 50
        },
        "MoveToGoal.Step.mean": {
            "value": 499997.0,
            "min": 9998.0,
            "max": 499997.0,
            "count": 50
        },
        "MoveToGoal.Step.sum": {
            "value": 499997.0,
            "min": 9998.0,
            "max": 499997.0,
            "count": 50
        },
        "MoveToGoal.Policy.ExtrinsicValueEstimate.mean": {
            "value": 0.9217694997787476,
            "min": -1.037444829940796,
            "max": 0.9226909279823303,
            "count": 50
        },
        "MoveToGoal.Policy.ExtrinsicValueEstimate.sum": {
            "value": 651.6910400390625,
            "min": -1298.9742431640625,
            "max": 651.6910400390625,
            "count": 50
        },
        "MoveToGoal.Environment.CumulativeReward.mean": {
            "value": 0.9915134370579916,
            "min": -1.0,
            "max": 0.9940564635958395,
            "count": 50
        },
        "MoveToGoal.Environment.CumulativeReward.sum": {
            "value": 701.0,
            "min": -1404.0,
            "max": 701.0,
            "count": 50
        },
        "MoveToGoal.Policy.ExtrinsicReward.mean": {
            "value": 0.9915134370579916,
            "min": -1.0,
            "max": 0.9940564635958395,
            "count": 50
        },
        "MoveToGoal.Policy.ExtrinsicReward.sum": {
            "value": 701.0,
            "min": -1404.0,
            "max": 701.0,
            "count": 50
        },
        "MoveToGoal.Losses.PolicyLoss.mean": {
            "value": 0.16589836160483537,
            "min": 0.16589836160483537,
            "max": 0.1831379149762548,
            "count": 50
        },
        "MoveToGoal.Losses.PolicyLoss.sum": {
            "value": 0.8294918080241769,
            "min": 0.6852583941593114,
            "max": 0.9156895748812741,
            "count": 50
        },
        "MoveToGoal.Losses.ValueLoss.mean": {
            "value": 0.020636689867436265,
            "min": 0.010369205508710972,
            "max": 0.21405418971412224,
            "count": 50
        },
        "MoveToGoal.Losses.ValueLoss.sum": {
            "value": 0.10318344933718132,
            "min": 0.05184602754355486,
            "max": 1.0702709485706112,
            "count": 50
        },
        "MoveToGoal.Policy.LearningRate.mean": {
            "value": 3.5099788300399964e-06,
            "min": 3.5099788300399964e-06,
            "max": 0.0002969844010052,
            "count": 50
        },
        "MoveToGoal.Policy.LearningRate.sum": {
            "value": 1.754989415019998e-05,
            "min": 1.754989415019998e-05,
            "max": 0.0014577906140697996,
            "count": 50
        },
        "MoveToGoal.Policy.Epsilon.mean": {
            "value": 0.10116996,
            "min": 0.10116996,
            "max": 0.19899480000000003,
            "count": 50
        },
        "MoveToGoal.Policy.Epsilon.sum": {
            "value": 0.5058498,
            "min": 0.42798140000000007,
            "max": 0.9859302000000002,
            "count": 50
        },
        "MoveToGoal.Policy.Beta.mean": {
            "value": 1.5732803999999997e-05,
            "min": 1.5732803999999997e-05,
            "max": 0.00049507452,
            "count": 50
        },
        "MoveToGoal.Policy.Beta.sum": {
            "value": 7.866401999999998e-05,
            "min": 7.866401999999998e-05,
            "max": 0.00243105798,
            "count": 50
        },
        "MoveToGoal.IsTraining.mean": {
            "value": 1.0,
            "min": 1.0,
            "max": 1.0,
            "count": 50
        },
        "MoveToGoal.IsTraining.sum": {
            "value": 1.0,
            "min": 1.0,
            "max": 1.0,
            "count": 50
        }
    },
    "metadata": {
        "timer_format_version": "0.1.0",
        "start_time_seconds": "1637787377",
        "python_version": "3.8.10 (tags/v3.8.10:3d8993a, May  3 2021, 11:48:03) [MSC v.1928 64 bit (AMD64)]",
        "command_line_arguments": "C:\\Users\\Brand\\Documents\\VSProjects\\GitHub\\Unity-MLAgents\\venv\\Scripts\\mlagents-learn configs/moveToGoal.yaml --run-id=MoveToGoalVLowLow",
        "mlagents_version": "0.27.0",
        "mlagents_envs_version": "0.27.0",
        "communication_protocol_version": "1.5.0",
        "pytorch_version": "1.7.1+cu110",
        "numpy_version": "1.21.4",
        "end_time_seconds": "1637788142"
    },
    "total": 764.8693374,
    "count": 1,
    "self": 0.007399099999815917,
    "children": {
        "run_training.setup": {
            "total": 0.0818854,
            "count": 1,
            "self": 0.0818854
        },
        "TrainerController.start_learning": {
            "total": 764.7800529000001,
            "count": 1,
            "self": 0.8163117000041211,
            "children": {
                "TrainerController._reset_env": {
                    "total": 10.2823382,
                    "count": 1,
                    "self": 10.2823382
                },
                "TrainerController.advance": {
                    "total": 753.646972499996,
                    "count": 51349,
                    "self": 0.763241300005916,
                    "children": {
                        "env_step": {
                            "total": 228.552552799997,
                            "count": 51349,
                            "self": 186.72485849999936,
                            "children": {
                                "SubprocessEnvManager._take_step": {
                                    "total": 41.33779319999867,
                                    "count": 51349,
                                    "self": 1.663122799999293,
                                    "children": {
                                        "TorchPolicy.evaluate": {
                                            "total": 39.67467039999938,
                                            "count": 31258,
                                            "self": 17.0897274000037,
                                            "children": {
                                                "TorchPolicy.sample_actions": {
                                                    "total": 22.58494299999568,
                                                    "count": 31258,
                                                    "self": 22.58494299999568
                                                }
                                            }
                                        }
                                    }
                                },
                                "workers": {
                                    "total": 0.4899010999989599,
                                    "count": 51349,
                                    "self": 0.0,
                                    "children": {
                                        "worker_root": {
                                            "total": 754.4670551999899,
                                            "count": 51349,
                                            "is_parallel": true,
                                            "self": 611.1112291999955,