{
    "name": "root",
    "gauges": {
        "MoveToGoal.Policy.Entropy.mean": {
            "value": 1.2700847387313843,
            "min": 1.2700847387313843,
            "max": 1.3480710983276367,
            "count": 81
        },
        "MoveToGoal.Policy.Entropy.sum": {
            "value": 12599.240234375,
            "min": 7290.36865234375,
            "max": 13471.1435546875,
            "count": 81
        },
        "MoveToGoal.Environment.EpisodeLength.mean": {
            "value": 5.494426229508197,
            "min": 5.287869264613451,
            "max": 6.236784938450398,
            "count": 81
        },
        "MoveToGoal.Environment.EpisodeLength.sum": {
            "value": 8379.0,
            "min": 4573.0,
            "max": 8635.0,
            "count": 81
        },
        "MoveToGoal.Step.mean": {
            "value": 999993.0,
            "min": 199995.0,
            "max": 999993.0,
            "count": 81
        },
        "MoveToGoal.Step.sum": {
            "value": 999993.0,
            "min": 199995.0,
            "max": 999993.0,
            "count": 81
        },
        "MoveToGoal.Policy.ExtrinsicValueEstimate.mean": {
            "value": 0.8999652862548828,
            "min": 0.8024447560310364,
            "max": 0.9144847393035889,
            "count": 81
        },
        "MoveToGoal.Policy.ExtrinsicValueEstimate.sum": {
            "value": 1384.1466064453125,
            "min": 685.4082641601562,
            "max": 1422.0238037109375,
            "count": 81
        },
        "MoveToGoal.Environment.CumulativeReward.mean": {
            "value": 0.9176658007506431,
            "min": 0.8721603718793021,
            "max": 0.9341157561713093,
            "count": 81
        },
        "MoveToGoal.Environment.CumulativeReward.sum": {
            "value": 1411.3700015544891,
            "min": 698.4600004553795,
            "max": 1471.900001168251,
            "count": 81
        },
        "MoveToGoal.Policy.ExtrinsicReward.mean": {
            "value": 0.9176658007506431,
            "min": 0.8721603718793021,
            "max": 0.9341157561713093,
            "count": 81
        },
        "MoveToGoal.Policy.ExtrinsicReward.sum": {
            "value": 1411.3700015544891,
            "min": 698.4600004553795,
            "max": 1471.900001168251,
            "count": 81
        },
        "MoveToGoal.Losses.PolicyLoss.mean": {
            "value": 0.07232154865414486,
            "min": 0.05965882770215103,
            "max": 0.0741511880827602,
            "count": 81
        },
        "MoveToGoal.Losses.PolicyLoss.sum": {
            "value": 0.28928619461657945,
            "min": 0.13856728516111616,
            "max": 0.370755940413801,
            "count": 81
        },
        "MoveToGoal.Losses.ValueLoss.mean": {
            "value": 0.041262467874730646,
            "min": 0.018207851783154184,
            "max": 0.10221547387191095,
            "count": 81
        },
        "MoveToGoal.Losses.ValueLoss.sum": {
            "value": 0.16504987149892258,
            "min": 0.09103925891577092,
            "max": 0.5110773693595547,
            "count": 81
        },
        "MoveToGoal.Policy.LearningRate.mean": {
            "value": 0.0003,
            "min": 0.0003,
            "max": 0.0003,
            "count": 81
        },
        "MoveToGoal.Policy.LearningRate.sum": {
            "value": 0.0012,
            "min": 0.0006,
            "max": 0.0014999999999999998,
            "count": 81
        },
        "MoveToGoal.Policy.Epsilon.mean": {
            "value": 0.15,
            "min": 0.15,
            "max": 0.15,
            "count": 81
        },
        "MoveToGoal.Policy.Epsilon.sum": {
            "value": 0.6,
            "min": 0.3,
            "max": 0.75,
            "count": 81
        },
        "MoveToGoal.Policy.Beta.mean": {
            "value": 0.0005,
            "min": 0.0005,
            "max": 0.0005,
            "count": 81
        },
        "MoveToGoal.Policy.Beta.sum": {
            "value": 0.002,
            "min": 0.001,
            "max": 0.0025,
            "count": 81
        },
        "MoveToGoal.IsTraining.mean": {
            "value": 1.0,
            "min": 1.0,
            "max": 1.0,
            "count": 81
        },
        "MoveToGoal.IsTraining.sum": {
            "value": 1.0,
            "min": 1.0,
            "max": 1.0,
            "count": 81
        }
    },
    "metadata": {
        "timer_format_version": "0.1.0",
        "start_time_seconds": "1637879970",
        "python_version": "3.8.10 (tags/v3.8.10:3d8993a, May  3 2021, 11:48:03) [MSC v.1928 64 bit (AMD64)]",
        "command_line_arguments": "C:\\Users\\Brand\\Documents\\VSProjects\\GitHub\\Unity-MLAgents\\venv\\Scripts\\mlagents-learn configs\\MoveToGoal.yaml --run-id=MoveToGoal2 --resume",
        "mlagents_version": "0.27.0",
        "mlagents_envs_version": "0.27.0",
        "communication_protocol_version": "1.5.0",
        "pytorch_version": "1.7.1+cu110",
        "numpy_version": "1.21.4",
        "end_time_seconds": "1637880751"
    },
    "total": 781.1481064000001,
    "count": 1,
    "self": 0.009502500000166947,
    "children": {
        "run_training.setup": {
            "total": 0.09494459999999982,
            "count": 1,
            "self": 0.09494459999999982
        },
        "TrainerController.start_learning": {
            "total": 781.0436593,
            "count": 1,
            "self": 2.3179972999801066,
            "children": {
                "TrainerController._reset_env": {
                    "total": 12.148075799999999,
                    "count": 1,
                    "self": 12.148075799999999
                },
                "TrainerController.advance": {
                    "total": 766.5387764000199,
                    "count": 127963,
                    "self": 1.125890900027116,
                    "children": {
                        "env_step": {
                            "total": 765.4128854999927,
                            "count": 127963,
                            "self": 647.5463915999987,
                            "children": {
                                "SubprocessEnvManager._take_step": {
                                    "total": 116.64364979999428,
                                    "count": 127963,
                                    "self": 2.771749399997802,
                                    "children": {
                                        "TorchPolicy.evaluate": {
                                            "total": 113.87190039999648,
                                            "count": 50340,
                                            "self": 36.36488230000022,
                                            "children": {
                                                "TorchPolicy.sample_actions": {
                                                    "total": 77.50701809999626,
                                                    "count": 50340,
                                                    "self": 77.50701809999626
                                                }
                                            }
                                        }
                                    }
                                },
                                "workers": {
                                    "total": 1.222844099999774,
                                    "count": 127963,
                                    "self": 0.0,
                                    "children": {
                                        "worker_root": {
                                            "total": 767.5190513999952,
                                            "count": 127963,
                                            "is_parallel": true,
                                            "self": 479.0120886000161,