{
    "name": "root",
    "gauges": {
        "MoveToGoal.Policy.Entropy.mean": {
            "value": 1.3946470022201538,
            "min": 1.392822504043579,
            "max": 1.5275012254714966,
            "count": 100
        },
        "MoveToGoal.Policy.Entropy.sum": {
            "value": 13879.52734375,
            "min": 13174.8388671875,
            "max": 16275.6376953125,
            "count": 100
        },
        "MoveToGoal.Environment.EpisodeLength.mean": {
            "value": 7.536355859709153,
            "min": 7.536355859709153,
            "max": 88.52066115702479,
            "count": 100
        },
        "MoveToGoal.Environment.EpisodeLength.sum": {
            "value": 8810.0,
            "min": 8737.0,
            "max": 10711.0,
            "count": 100
        },
        "MoveToGoal.Step.mean": {
            "value": 999994.0,
            "min": 9989.0,
            "max": 999994.0,
            "count": 100
        },
        "MoveToGoal.Step.sum": {
            "value": 999994.0,
            "min": 9989.0,
            "max": 999994.0,
            "count": 100
        },
        "MoveToGoal.Policy.ExtrinsicValueEstimate.mean": {
            "value": 0.7933328747749329,
            "min": -2.2772440910339355,
            "max": 0.8135356307029724,
            "count": 100
        },
        "MoveToGoal.Policy.ExtrinsicValueEstimate.sum": {
            "value": 929.7861328125,
            "min": -255.05133056640625,
            "max": 933.9389038085938,
            "count": 100
        },
        "MoveToGoal.Environment.CumulativeReward.mean": {
            "value": 0.8564334418688211,
            "min": -0.9855535323066371,
            "max": 0.8564334418688211,
            "count": 100
        },
        "MoveToGoal.Environment.CumulativeReward.sum": {
            "value": 1003.7399938702583,
            "min": -218.33000069856644,
            "max": 1003.7399938702583,
            "count": 100
        },
        "MoveToGoal.Policy.ExtrinsicReward.mean": {
            "value": 0.8564334418688211,
            "min": -0.9855535323066371,
            "max": 0.8564334418688211,
            "count": 100
        },
        "MoveToGoal.Policy.ExtrinsicReward.sum": {
            "value": 1003.7399938702583,
            "min": -218.33000069856644,
            "max": 1003.7399938702583,
            "count": 100
        },
        "MoveToGoal.Losses.PolicyLoss.mean": {
            "value": 0.06610184879245935,
            "min": 0.05886255477671511,
            "max": 0.0756579292268725,
            "count": 100
        },
        "MoveToGoal.Losses.PolicyLoss.sum": {
            "value": 0.33050924396229675,
            "min": 0.25185257228440605,
            "max": 0.37828964613436256,
            "count": 100
        },
        "MoveToGoal.Losses.ValueLoss.mean": {
            "value": 0.07691795321152313,
            "min": 0.0652899971610168,
            "max": 0.2459885502466932,
            "count": 100
        },
        "MoveToGoal.Losses.ValueLoss.sum": {
            "value": 0.38458976605761563,
            "min": 0.326449985805084,
            "max": 1.229942751233466,
            "count": 100
        },
        "MoveToGoal.Policy.LearningRate.mean": {
            "value": 0.0003,
            "min": 0.0003,
            "max": 0.0003000000000000001,
            "count": 100
        },
        "MoveToGoal.Policy.LearningRate.sum": {
            "value": 0.0014999999999999998,
            "min": 0.0012,
            "max": 0.0014999999999999998,
            "count": 100
        },
        "MoveToGoal.Policy.Epsilon.mean": {
            "value": 0.15,
            "min": 0.15,
            "max": 0.15000000000000002,
            "count": 100
        },
        "MoveToGoal.Policy.Epsilon.sum": {
            "value": 0.75,
            "min": 0.6,
            "max": 0.7500000000000001,
            "count": 100
        },
        "MoveToGoal.Policy.Beta.mean": {
            "value": 0.0005,
            "min": 0.0005,
            "max": 0.0005,
            "count": 100
        },
        "MoveToGoal.Policy.Beta.sum": {
            "value": 0.0025,
            "min": 0.002,
            "max": 0.0025,
            "count": 100
        },
        "MoveToGoal.IsTraining.mean": {
            "value": 1.0,
            "min": 1.0,
            "max": 1.0,
            "count": 100
        },
        "MoveToGoal.IsTraining.sum": {
            "value": 1.0,
            "min": 1.0,
            "max": 1.0,
            "count": 100
        }
    },
    "metadata": {
        "timer_format_version": "0.1.0",
        "start_time_seconds": "1637875392",
        "python_version": "3.8.10 (tags/v3.8.10:3d8993a, May  3 2021, 11:48:03) [MSC v.1928 64 bit (AMD64)]",
        "command_line_arguments": "C:\\Users\\Brand\\Documents\\VSProjects\\GitHub\\Unity-MLAgents\\venv\\Scripts\\mlagents-learn configs\\MoveToGoal.yaml --run-id=MoveToGoal",
        "mlagents_version": "0.27.0",
        "mlagents_envs_version": "0.27.0",
        "communication_protocol_version": "1.5.0",
        "pytorch_version": "1.7.1+cu110",
        "numpy_version": "1.21.4",
        "end_time_seconds": "1637876199"
    },
    "total": 807.0727747000001,
    "count": 1,
    "self": 0.010823800000025585,
    "children": {
        "run_training.setup": {
            "total": 0.08797799999999989,
            "count": 1,
            "self": 0.08797799999999989
        },
        "TrainerController.start_learning": {
            "total": 806.9739729,
            "count": 1,
            "self": 1.9136349999932918,
            "children": {
                "TrainerController._reset_env": {
                    "total": 9.3971778,
                    "count": 1,
                    "self": 9.3971778
                },
                "TrainerController.advance": {
                    "total": 795.6190490000067,
                    "count": 103138,
                    "self": 0.9983878000183495,
                    "children": {
                        "env_step": {
                            "total": 794.6206611999884,
                            "count": 103138,
                            "self": 653.2372599000007,
                            "children": {
                                "SubprocessEnvManager._take_step": {
                                    "total": 140.3891318999693,
                                    "count": 103138,
                                    "self": 3.433957999977963,
                                    "children": {
                                        "TorchPolicy.evaluate": {
                                            "total": 136.95517389999134,
                                            "count": 62507,
                                            "self": 46.06662799999009,
                                            "children": {
                                                "TorchPolicy.sample_actions": {
                                                    "total": 90.88854590000125,
                                                    "count": 62507,
                                                    "self": 90.88854590000125
                                                }
                                            }
                                        }
                                    }
                                },
                                "workers": {
                                    "total": 0.9942694000183163,
                                    "count": 103138,
                                    "self": 0.0,
                                    "children": {
                                        "worker_root": {
                                            "total": 796.6215531999859,
                                            "count": 103138,
                                            "is_parallel": true,
                                            "self": 497.9950493999837,