{
    "name": "root",
    "gauges": {
        "MoveToGoal.Policy.Entropy.mean": {
            "value": 1.074921727180481,
            "min": 1.074921727180481,
            "max": 1.423941969871521,
            "count": 50
        },
        "MoveToGoal.Policy.Entropy.sum": {
            "value": 10732.0185546875,
            "min": 10732.0185546875,
            "max": 15215.6416015625,
            "count": 50
        },
        "MoveToGoal.Environment.EpisodeLength.mean": {
            "value": 14.693877551020408,
            "min": 14.693877551020408,
            "max": 92.88118811881188,
            "count": 50
        },
        "MoveToGoal.Environment.EpisodeLength.sum": {
            "value": 9360.0,
            "min": 9016.0,
            "max": 10506.0,
            "count": 50
        },
        "MoveToGoal.Step.mean": {
            "value": 499990.0,
            "min": 9967.0,
            "max": 499990.0,
            "count": 50
        },
        "MoveToGoal.Step.sum": {
            "value": 499990.0,
            "min": 9967.0,
            "max": 499990.0,
            "count": 50
        },
        "MoveToGoal.Policy.ExtrinsicValueEstimate.mean": {
            "value": 0.7932103872299194,
            "min": -2.7068614959716797,
            "max": 0.7932103872299194,
            "count": 50
        },
        "MoveToGoal.Policy.ExtrinsicValueEstimate.sum": {
            "value": 505.2750244140625,
            "min": -460.417236328125,
            "max": 505.2750244140625,
            "count": 50
        },
        "MoveToGoal.Environment.CumulativeReward.mean": {
            "value": 0.8775510204081632,
            "min": -0.9879154078549849,
            "max": 0.8775510204081632,
            "count": 50
        },
        "MoveToGoal.Environment.CumulativeReward.sum": {
            "value": 559.0,
            "min": -355.0,
            "max": 559.0,
            "count": 50
        },
        "MoveToGoal.Policy.ExtrinsicReward.mean": {
            "value": 0.8775510204081632,
            "min": -0.9879154078549849,
            "max": 0.8775510204081632,
            "count": 50
        },
        "MoveToGoal.Policy.ExtrinsicReward.sum": {
            "value": 559.0,
            "min": -355.0,
            "max": 559.0,
            "count": 50
        },
        "MoveToGoal.Losses.PolicyLoss.mean": {
            "value": 0.045888800799730234,
            "min": 0.040626436597085556,
            "max": 0.054524869460146876,
            "count": 50
        },
        "MoveToGoal.Losses.PolicyLoss.sum": {
            "value": 0.22944400399865117,
            "min": 0.17147401778493077,
            "max": 0.27262434730073437,
            "count": 50
        },
        "MoveToGoal.Losses.ValueLoss.mean": {
            "value": 0.06739803579985164,
            "min": 0.009230539773125202,
            "max": 0.19877034597448073,
            "count": 50
        },
        "MoveToGoal.Losses.ValueLoss.sum": {
            "value": 0.3369901789992582,
            "min": 0.04615269886562601,
            "max": 0.7950813838979229,
            "count": 50
        },
        "MoveToGoal.Policy.LearningRate.mean": {
            "value": 0.0003,
            "min": 0.0003,
            "max": 0.0003,
            "count": 50
        },
        "MoveToGoal.Policy.LearningRate.sum": {
            "value": 0.0014999999999999998,
            "min": 0.0012,
            "max": 0.0014999999999999998,
            "count": 50
        },
        "MoveToGoal.Policy.Epsilon.mean": {
            "value": 0.18,
            "min": 0.18,
            "max": 0.18,
            "count": 50
        },
        "MoveToGoal.Policy.Epsilon.sum": {
            "value": 0.8999999999999999,
            "min": 0.72,
            "max": 0.8999999999999999,
            "count": 50
        },
        "MoveToGoal.Policy.Beta.mean": {
            "value": 0.0005,
            "min": 0.0005,
            "max": 0.0005,
            "count": 50
        },
        "MoveToGoal.Policy.Beta.sum": {
            "value": 0.0025,
            "min": 0.002,
            "max": 0.0025,
            "count": 50
        },
        "MoveToGoal.IsTraining.mean": {
            "value": 1.0,
            "min": 1.0,
            "max": 1.0,
            "count": 50
        },
        "MoveToGoal.IsTraining.sum": {
            "value": 1.0,
            "min": 1.0,
            "max": 1.0,
            "count": 50
        }
    },
    "metadata": {
        "timer_format_version": "0.1.0",
        "start_time_seconds": "1637794473",
        "python_version": "3.8.10 (tags/v3.8.10:3d8993a, May  3 2021, 11:48:03) [MSC v.1928 64 bit (AMD64)]",
        "command_line_arguments": "C:\\Users\\Brand\\Documents\\VSProjects\\GitHub\\Unity-MLAgents\\venv\\Scripts\\mlagents-learn configs\\MoveToGoal.yaml --run-id=MoveToGoalEpsilon",
        "mlagents_version": "0.27.0",
        "mlagents_envs_version": "0.27.0",
        "communication_protocol_version": "1.5.0",
        "pytorch_version": "1.7.1+cu110",
        "numpy_version": "1.21.4",
        "end_time_seconds": "1637794800"
    },
    "total": 326.8015524,
    "count": 1,
    "self": 0.006122099999970487,
    "children": {
        "run_training.setup": {
            "total": 0.08284070000000021,
            "count": 1,
            "self": 0.08284070000000021
        },
        "TrainerController.start_learning": {
            "total": 326.7125896,
            "count": 1,
            "self": 0.8041939999995407,
            "children": {
                "TrainerController._reset_env": {
                    "total": 5.765236,
                    "count": 1,
                    "self": 5.765236
                },
                "TrainerController.advance": {
                    "total": 320.10154000000045,
                    "count": 44708,
                    "self": 0.39351769999791486,
                    "children": {
                        "env_step": {
                            "total": 319.70802230000254,
                            "count": 44708,
                            "self": 239.52246030000714,
                            "children": {
                                "SubprocessEnvManager._take_step": {
                                    "total": 79.77295359999465,
                                    "count": 44708,
                                    "self": 1.5998496999980034,
                                    "children": {
                                        "TorchPolicy.evaluate": {
                                            "total": 78.17310389999665,
                                            "count": 31262,
                                            "self": 25.713714099998313,
                                            "children": {
                                                "TorchPolicy.sample_actions": {
                                                    "total": 52.459389799998334,
                                                    "count": 31262,
                                                    "self": 52.459389799998334
                                                }
                                            }
                                        }
                                    }
                                },
                                "workers": {
                                    "total": 0.4126084000007424,
                                    "count": 44708,
                                    "self": 0.0,
                                    "children": {
                                        "worker_root": {
                                            "total": 321.14240980000267,
                                            "count": 44708,
                                            "is_parallel": true,
                                            "self": 182.64746170000416,