{
    "name": "root",
    "gauges": {
        "MoveToGoal.Policy.Entropy.mean": {
            "value": 1.1928499937057495,
            "min": 1.1928499937057495,
            "max": 1.3784254789352417,
            "count": 39
        },
        "MoveToGoal.Policy.Entropy.sum": {
            "value": 12023.927734375,
            "min": 11890.2080078125,
            "max": 14021.373046875,
            "count": 39
        },
        "MoveToGoal.Environment.EpisodeLength.mean": {
            "value": 27.552706552706553,
            "min": 27.552706552706553,
            "max": 152.8153846153846,
            "count": 39
        },
        "MoveToGoal.Environment.EpisodeLength.sum": {
            "value": 9671.0,
            "min": 7469.0,
            "max": 10580.0,
            "count": 39
        },
        "MoveToGoal.Step.mean": {
            "value": 499976.0,
            "min": 119941.0,
            "max": 499976.0,
            "count": 39
        },
        "MoveToGoal.Step.sum": {
            "value": 499976.0,
            "min": 119941.0,
            "max": 499976.0,
            "count": 39
        },
        "MoveToGoal.Policy.ExtrinsicValueEstimate.mean": {
            "value": 0.795123815536499,
            "min": 0.5817842483520508,
            "max": 0.8936300277709961,
            "count": 39
        },
        "MoveToGoal.Policy.ExtrinsicValueEstimate.sum": {
            "value": 278.2933349609375,
            "min": 53.48036575317383,
            "max": 278.2933349609375,
            "count": 39
        },
        "MoveToGoal.Environment.CumulativeReward.mean": {
            "value": 0.9542857142857143,
            "min": 0.71875,
            "max": 0.9923371647509579,
            "count": 39
        },
        "MoveToGoal.Environment.CumulativeReward.sum": {
            "value": 334.0,
            "min": 43.0,
            "max": 334.0,
            "count": 39
        },
        "MoveToGoal.Policy.ExtrinsicReward.mean": {
            "value": 0.9542857142857143,
            "min": 0.71875,
            "max": 0.9923371647509579,
            "count": 39
        },
        "MoveToGoal.Policy.ExtrinsicReward.sum": {
            "value": 334.0,
            "min": 43.0,
            "max": 334.0,
            "count": 39
        },
        "MoveToGoal.IsTraining.mean": {
            "value": 1.0,
            "min": 1.0,
            "max": 1.0,
            "count": 39
        },
        "MoveToGoal.IsTraining.sum": {
            "value": 1.0,
            "min": 1.0,
            "max": 1.0,
            "count": 39
        },
        "MoveToGoal.Losses.PolicyLoss.mean": {
            "value": 0.215985149305475,
            "min": 0.20743443682795382,
            "max": 0.24305286344233168,
            "count": 18
        },
        "MoveToGoal.Losses.PolicyLoss.sum": {
            "value": 0.215985149305475,
            "min": 0.20743443682795382,
            "max": 0.24305286344233168,
            "count": 18
        },
        "MoveToGoal.Losses.ValueLoss.mean": {
            "value": 0.01927966072849522,
            "min": 0.009627799978997743,
            "max": 0.02215354756880544,
            "count": 18
        },
        "MoveToGoal.Losses.ValueLoss.sum": {
            "value": 0.01927966072849522,
            "min": 0.009627799978997743,
            "max": 0.02215354756880544,
            "count": 18
        },
        "MoveToGoal.Policy.LearningRate.mean": {
            "value": 0.0003,
            "min": 0.0003,
            "max": 0.0003,
            "count": 18
        },
        "MoveToGoal.Policy.LearningRate.sum": {
            "value": 0.0003,
            "min": 0.0003,
            "max": 0.0003,
            "count": 18
        },
        "MoveToGoal.Policy.Epsilon.mean": {
            "value": 0.14999999999999997,
            "min": 0.14999999999999997,
            "max": 0.14999999999999997,
            "count": 18
        },
        "MoveToGoal.Policy.Epsilon.sum": {
            "value": 0.14999999999999997,
            "min": 0.14999999999999997,
            "max": 0.14999999999999997,
            "count": 18
        },
        "MoveToGoal.Policy.Beta.mean": {
            "value": 0.0005000000000000002,
            "min": 0.0005000000000000002,
            "max": 0.0005000000000000002,
            "count": 18
        },
        "MoveToGoal.Policy.Beta.sum": {
            "value": 0.0005000000000000002,
            "min": 0.0005000000000000002,
            "max": 0.0005000000000000002,
            "count": 18
        }
    },
    "metadata": {
        "timer_format_version": "0.1.0",
        "start_time_seconds": "1637791004",
        "python_version": "3.8.10 (tags/v3.8.10:3d8993a, May  3 2021, 11:48:03) [MSC v.1928 64 bit (AMD64)]",
        "command_line_arguments": "C:\\Users\\Brand\\Documents\\VSProjects\\GitHub\\Unity-MLAgents\\venv\\Scripts\\mlagents-learn configs\\MoveToGoal.yaml --run-id=MoveToGoalCustomConfig --resume",
        "mlagents_version": "0.27.0",
        "mlagents_envs_version": "0.27.0",
        "communication_protocol_version": "1.5.0",
        "pytorch_version": "1.7.1+cu110",
        "numpy_version": "1.21.4",
        "end_time_seconds": "1637792052"
    },
    "total": 1048.4133366,
    "count": 1,
    "self": 0.00544320000017251,
    "children": {
        "run_training.setup": {
            "total": 0.0909066999999999,
            "count": 1,
            "self": 0.0909066999999999
        },
        "TrainerController.start_learning": {
            "total": 1048.3169867,
            "count": 1,
            "self": 0.5465207999993709,
            "children": {
                "TrainerController._reset_env": {
                    "total": 6.3575873,
                    "count": 1,
                    "self": 6.3575873
                },
                "TrainerController.advance": {
                    "total": 1041.3695573000005,
                    "count": 30308,
                    "self": 0.2744121999935487,
                    "children": {
                        "env_step": {
                            "total": 1041.095145100007,
                            "count": 30308,
                            "self": 988.8316012,
                            "children": {
                                "SubprocessEnvManager._take_step": {
                                    "total": 51.987846300006865,
                                    "count": 30308,
                                    "self": 1.268986200005692,
                                    "children": {
                                        "TorchPolicy.evaluate": {
                                            "total": 50.71886010000117,
                                            "count": 24242,
                                            "self": 16.2533076999976,
                                            "children": {
                                                "TorchPolicy.sample_actions": {
                                                    "total": 34.465552400003574,
                                                    "count": 24242,
                                                    "self": 34.465552400003574
                                                }
                                            }
                                        }
                                    }
                                },
                                "workers": {
                                    "total": 0.2756975999999547,
                                    "count": 30308,
                                    "self": 0.0,
                                    "children": {
                                        "worker_root": {
                                            "total": 1042.4331870999986,
                                            "count": 30308,
                                            "is_parallel": true,
                                            "self": 941.6526094999905,