{"count":1,"self":72.906784,"total":73.46009389999999,"children":{"InitializeActuators":{"count":16,"self":0.00099739999999999985,"total":0.00099739999999999985,"children":null},"InitializeSensors":{"count":16,"self":0.0019947,"total":0.0019947,"children":null},"AgentSendState":{"count":3444,"self":0.0591525,"total":0.1075322,"children":{"CollectObservations":{"count":11024,"self":0.023746,"total":0.023746,"children":null},"WriteActionMask":{"count":11024,"self":0.011800099999999999,"total":0.011800099999999999,"children":null},"RequestDecision":{"count":11024,"self":0.012833599999999999,"total":0.012833599999999999,"children":null}}},"DecideAction":{"count":3444,"self":0.3764959,"total":0.3764959,"children":null},"AgentAct":{"count":3444,"self":0.065293999999999991,"total":0.065293999999999991,"children":null}},"gauges":{"MoveToGoal.CumulativeReward":{"count":1464,"max":1.97200048,"min":-1.72599757,"runningAverage":0.961227357,"value":0.914000034,"weightedAverage":0.9197852}},"metadata":{"timer_format_version":"0.1.0","start_time_seconds":"1637884590","unity_version":"2020.3.17f1","command_line_arguments":"C:\\Program Files\\Unity\\Hub\\Editor\\2020.3.17f1\\Editor\\Unity.exe -projectpath C:\\Users\\Brand\\Documents\\VSProjects\\GitHub\\Unity-MLAgents -useHub -hubIPC -cloudEnvironment production -licensingIpc LicenseClient-Brand -hubSessionId 33b19270-4d5f-11ec-ad2d-7f31a3f0402e -accessToken gxs2-r-Cjf3pyLkozcVIeC7izLktlrKS_Ly95VLOxw8005f","communication_protocol_version":"1.5.0","com.unity.ml-agents_version":"2.1.0-exp.1","scene_name":"SampleScene","end_time_seconds":"1637884663"}}