{"count":1,"self":19.237766399999998,"total":126.5020395,"children":{"InitializeActuators":{"count":16,"self":0.0009973,"total":0.0009973,"children":null},"InitializeSensors":{"count":16,"self":0.0009977,"total":0.0009977,"children":null},"AgentSendState":{"count":42801,"self":0.44690019999999997,"total":1.9939399999999998,"children":{"CollectObservations":{"count":136976,"self":0.1441723,"total":0.1441723,"children":null},"WriteActionMask":{"count":136976,"self":0.10595979999999999,"total":0.10595979999999999,"children":null},"RequestDecision":{"count":136976,"self":0.30204549999999997,"total":1.2969077,"children":{"AgentInfo.ToProto":{"count":136976,"self":0.2910898,"total":0.99486219999999992,"children":{"GenerateSensorData":{"count":136976,"self":0.7037724,"total":0.7037724,"children":null}}}}}}},"DecideAction":{"count":42801,"self":104.24225919999999,"total":104.24225729999999,"children":null},"AgentAct":{"count":42801,"self":0.6856184,"total":0.6856184,"children":null},"AgentInfo.ToProto":{"count":17302,"self":0.1017819,"total":0.3394641,"children":{"GenerateSensorData":{"count":17302,"self":0.23768219999999998,"total":0.23768219999999998,"children":null}}}},"gauges":{"MoveToGoal.CumulativeReward":{"count":17302,"max":1.99000025,"min":-1.29600024,"runningAverage":0.9121683,"value":0.942,"weightedAverage":0.6412552}},"metadata":{"timer_format_version":"0.1.0","start_time_seconds":"1637878467","unity_version":"2020.3.17f1","command_line_arguments":"C:\\Program Files\\Unity\\Hub\\Editor\\2020.3.17f1\\Editor\\Unity.exe -projectpath C:\\Users\\Brand\\Documents\\VSProjects\\GitHub\\Unity-MLAgents -useHub -hubIPC -cloudEnvironment production -licensingIpc LicenseClient-Brand -hubSessionId 33b19270-4d5f-11ec-ad2d-7f31a3f0402e -accessToken LJJ-lxvhMjA9fopONUXImop1psoLtBtp5QDO8kawIpc005f","communication_protocol_version":"1.5.0","com.unity.ml-agents_version":"2.1.0-exp.1","scene_name":"SampleScene","end_time_seconds":"1637878594"}}