{
    "name": "root",
    "metadata": {
        "timer_format_version": "0.1.0",
        "start_time_seconds": "1637796662",
        "python_version": "3.8.10 (tags/v3.8.10:3d8993a, May  3 2021, 11:48:03) [MSC v.1928 64 bit (AMD64)]",
        "command_line_arguments": "C:\\Users\\Brand\\Documents\\VSProjects\\GitHub\\Unity-MLAgents\\venv\\Scripts\\mlagents-learn configs\\MoveToGoal.yaml --initialize-from=MoveToGoal --run-id=MoveToGoalBig",
        "mlagents_version": "0.27.0",
        "mlagents_envs_version": "0.27.0",
        "communication_protocol_version": "1.5.0",
        "pytorch_version": "1.7.1+cu110",
        "numpy_version": "1.21.4",
        "end_time_seconds": "1637796684"
    },
    "total": 21.242630600000002,
    "count": 1,
    "self": 0.0068817000000045425,
    "children": {
        "run_training.setup": {
            "total": 0.09071460000000009,
            "count": 1,
            "self": 0.09071460000000009
        },
        "TrainerController.start_learning": {
            "total": 21.1450343,
            "count": 1,
            "self": 0.06122460000007379,
            "children": {
                "TrainerController._reset_env": {
                    "total": 6.8201892,
                    "count": 1,
                    "self": 6.8201892
                },
                "TrainerController.advance": {
                    "total": 14.19184599999992,
                    "count": 2664,
                    "self": 0.025091899999877043,
                    "children": {
                        "env_step": {
                            "total": 14.166754100000043,
                            "count": 2664,
                            "self": 9.132233500000018,
                            "children": {
                                "SubprocessEnvManager._take_step": {
                                    "total": 5.009255800000023,
                                    "count": 2664,
                                    "self": 0.13330479999999945,
                                    "children": {
                                        "TorchPolicy.evaluate": {
                                            "total": 4.875951000000024,
                                            "count": 2594,
                                            "self": 1.736251600000017,
                                            "children": {
                                                "TorchPolicy.sample_actions": {
                                                    "total": 3.1396994000000067,
                                                    "count": 2594,
                                                    "self": 3.1396994000000067
                                                }
                                            }
                                        }
                                    }
                                },
                                "workers": {
                                    "total": 0.025264800000002197,
                                    "count": 2663,
                                    "self": 0.0,
                                    "children": {
                                        "worker_root": {
                                            "total": 15.409093200000026,
                                            "count": 2663,
                                            "is_parallel": true,
                                            "self": 8.370978600000019,
                                            "children": {
                                                "steps_from_proto": {
                                                    "total": 0.00030269999999976704,
                                                    "count": 1,
                                                    "is_parallel": true,
                                                    "self": 0.00011729999999943175,
                                                    "children": {
                                                        "_process_rank_one_or_two_observation": {
                                                            "total": 0.0001854000000003353,
                                                            "count": 2,
                                                            "is_parallel": true,
                                                            "self": 0.0001854000000003353
                                                        }
                                                    }
                                                },
                                                "UnityEnvironment.step": {
                                                    "total": 7.0378119000000074,
                                                    "count": 2663,
                                                    "is_parallel": true,
                                                    "self": 0.16355649999995592,
                                                    "children": {
                                                        "UnityEnvironment._generate_step_input": {
                                                            "total": 0.14190579999997865,
                                                            "count": 2663,
                                                            "is_parallel": true,
                                                            "self": 0.14190579999997865
                                                        },
                                                        "communicator.exchange": {
                                                            "total": 6.280352600000056,
                                                            "count": 2663,
                                                            "is_parallel": true,
                                                            "self": 6.280352600000056
                                                        },
                                                        "steps_from_proto": {
                                                            "total": 0.4519970000000173,
                                                            "count": 2663,
                                                            "is_parallel": true,
                                                            "self": 0.2465229999999501,
                                                            "children": {
                                                                "_process_rank_one_or_two_observation": {
                                                                    "total": 0.20547400000006721,
                                                                    "count": 5326,
                                                                    "is_parallel": true,
                                                                    "self": 0.20547400000006721
                                                                }
                                                            }
                                                        }
                                                    }
                                                }
                                            }
                                        }
                                    }
                                }
                            }
                        }
                    }
                },
                "trainer_threads": {
                    "total": 1.6300000002189563e-05,
                    "count": 1,
                    "self": 1.6300000002189563e-05,
                    "children": {
                        "thread_root": {
                            "total": 0.0,
                            "count": 0,
                            "is_parallel": true,
                            "self": 0.0,