{
    "name": "root",
    "gauges": {
        "MoveToGoal.Policy.Entropy.mean": {
            "value": 1.2832175493240356,
            "min": 1.2832175493240356,
            "max": 1.4553569555282593,
            "count": 55
        },
        "MoveToGoal.Policy.Entropy.sum": {
            "value": 12647.392578125,
            "min": 10198.283203125,
            "max": 14978.75390625,
            "count": 55
        },
        "MoveToGoal.Environment.EpisodeLength.mean": {
            "value": 19.762637362637363,
            "min": 18.652351738241308,
            "max": 36.252747252747255,
            "count": 55
        },
        "MoveToGoal.Environment.EpisodeLength.sum": {
            "value": 8992.0,
            "min": 6290.0,
            "max": 10198.0,
            "count": 55
        },
        "MoveToGoal.Step.mean": {
            "value": 999898.0,
            "min": 459978.0,
            "max": 999898.0,
            "count": 55
        },
        "MoveToGoal.Step.sum": {
            "value": 999898.0,
            "min": 459978.0,
            "max": 999898.0,
            "count": 55
        },
        "MoveToGoal.Policy.ExtrinsicValueEstimate.mean": {
            "value": 0.7906484603881836,
            "min": 0.4450114667415619,
            "max": 0.8088167905807495,
            "count": 55
        },
        "MoveToGoal.Policy.ExtrinsicValueEstimate.sum": {
            "value": 381.8832092285156,
            "min": 103.71339416503906,
            "max": 404.40838623046875,
            "count": 55
        },
        "MoveToGoal.Environment.CumulativeReward.mean": {
            "value": 0.8724703304469585,
            "min": 0.5513134223608235,
            "max": 0.8883550936470226,
            "count": 55
        },
        "MoveToGoal.Environment.CumulativeReward.sum": {
            "value": 411.80599597096443,
            "min": 110.81399789452553,
            "max": 435.2939958870411,
            "count": 55
        },
        "MoveToGoal.Policy.ExtrinsicReward.mean": {
            "value": 0.8724703304469585,
            "min": 0.5513134223608235,
            "max": 0.8883550936470226,
            "count": 55
        },
        "MoveToGoal.Policy.ExtrinsicReward.sum": {
            "value": 411.80599597096443,
            "min": 110.81399789452553,
            "max": 435.2939958870411,
            "count": 55
        },
        "MoveToGoal.Losses.PolicyLoss.mean": {
            "value": 0.07165558987981058,
            "min": 0.06172963453718694,
            "max": 0.0757645863253856,
            "count": 55
        },
        "MoveToGoal.Losses.PolicyLoss.sum": {
            "value": 0.2866223595192423,
            "min": 0.20739054199657403,
            "max": 0.37882293162692804,
            "count": 55
        },
        "MoveToGoal.Losses.ValueLoss.mean": {
            "value": 0.01075048361235531,
            "min": 0.01075048361235531,
            "max": 0.07016514143712509,
            "count": 55
        },
        "MoveToGoal.Losses.ValueLoss.sum": {
            "value": 0.04300193444942124,
            "min": 0.04300193444942124,
            "max": 0.32057408067339566,
            "count": 55
        },
        "MoveToGoal.Policy.LearningRate.mean": {
            "value": 0.0003,
            "min": 0.0003,
            "max": 0.0003,
            "count": 55
        },
        "MoveToGoal.Policy.LearningRate.sum": {
            "value": 0.0012,
            "min": 0.0009,
            "max": 0.0014999999999999998,
            "count": 55
        },
        "MoveToGoal.Policy.Epsilon.mean": {
            "value": 0.15,
            "min": 0.15,
            "max": 0.15,
            "count": 55
        },
        "MoveToGoal.Policy.Epsilon.sum": {
            "value": 0.6,
            "min": 0.44999999999999996,
            "max": 0.75,
            "count": 55
        },
        "MoveToGoal.Policy.Beta.mean": {
            "value": 0.0005,
            "min": 0.0005,
            "max": 0.0005,
            "count": 55
        },
        "MoveToGoal.Policy.Beta.sum": {
            "value": 0.002,
            "min": 0.0015,
            "max": 0.0025,
            "count": 55
        },
        "MoveToGoal.IsTraining.mean": {
            "value": 1.0,
            "min": 1.0,
            "max": 1.0,
            "count": 55
        },
        "MoveToGoal.IsTraining.sum": {
            "value": 1.0,
            "min": 1.0,
            "max": 1.0,
            "count": 55
        }
    },
    "metadata": {
        "timer_format_version": "0.1.0",
        "start_time_seconds": "1637881873",
        "python_version": "3.8.10 (tags/v3.8.10:3d8993a, May  3 2021, 11:48:03) [MSC v.1928 64 bit (AMD64)]",
        "command_line_arguments": "C:\\Users\\Brand\\Documents\\VSProjects\\GitHub\\Unity-MLAgents\\venv\\Scripts\\mlagents-learn configs\\MoveToGoal.yaml --run-id=MoveToGoalBIG --resume --time-scale=1",
        "mlagents_version": "0.27.0",
        "mlagents_envs_version": "0.27.0",
        "communication_protocol_version": "1.5.0",
        "pytorch_version": "1.7.1+cu110",
        "numpy_version": "1.21.4",
        "end_time_seconds": "1637882545"
    },
    "total": 671.5992374000001,
    "count": 1,
    "self": 0.006477800000084244,
    "children": {
        "run_training.setup": {
            "total": 0.08898439999999996,
            "count": 1,
            "self": 0.08898439999999996
        },
        "TrainerController.start_learning": {
            "total": 671.5037752000001,
            "count": 1,
            "self": 1.0323810999900616,
            "children": {
                "TrainerController._reset_env": {
                    "total": 7.247983399999999,
                    "count": 1,
                    "self": 7.247983399999999
                },
                "TrainerController.advance": {
                    "total": 663.1819883000101,
                    "count": 50247,
                    "self": 0.5140209000170444,
                    "children": {
                        "env_step": {
                            "total": 662.667967399993,
                            "count": 50247,
                            "self": 589.1158909999899,
                            "children": {
                                "SubprocessEnvManager._take_step": {
                                    "total": 73.0301668000061,
                                    "count": 50247,
                                    "self": 1.8371137000049345,
                                    "children": {
                                        "TorchPolicy.evaluate": {
                                            "total": 71.19305310000117,
                                            "count": 34172,
                                            "self": 25.910806400005605,
                                            "children": {
                                                "TorchPolicy.sample_actions": {
                                                    "total": 45.28224669999556,
                                                    "count": 34172,
                                                    "self": 45.28224669999556
                                                }
                                            }
                                        }
                                    }
                                },
                                "workers": {
                                    "total": 0.5219095999970165,
                                    "count": 50247,
                                    "self": 0.0,
                                    "children": {
                                        "worker_root": {
                                            "total": 664.2436447999997,
                                            "count": 50247,
                                            "is_parallel": true,
                                            "self": 220.52053640000383,